Model,Accuracy,Precision,Recall,F1 Score
Logistic Regression,0.3333333333333333,0.3333333333333333,0.3333333333333333,0.3333333333333333
Random Forest,0.3333333333333333,0.1111111111111111,0.3333333333333333,0.16666666666666666
